Workbook

Sheet الملخص
A1: DOS Academy — تقرير ساعات المذاكرة | A1 Berlin
A2: Lernen. Verstehen. Umsetzen. | الهدف: 3 ساعات يومياً (90 ساعة شهرياً) | الجلسات الشاذة مستبعدة حسب الحد في ورقة الإعدادات
A4: الطالب | B4: الكود | C4: المجموعة | D4: الشهر | E4: أيام الفترة | F4: عدد الجلسات | G4: الدقائق (كل الجلسات) | H4: جلسات مستبعدة | I4: الدقائق المعتمدة | J4: الساعات الفعلية | K4: الهدف (ساعات) | L4: نسبة الإنجاز | M4: متوسط الساعات اليومي | N4: الفرق اليومي عن 3 ساعات | O4: التقييم | P4: العبارة التحفيزية
A5: Ahella Amr Helal | B5: DOS100051 | C5: A1 Berlin | D5: سبتمبر 2026 | E5: =IF(D5="سبتمبر 2026",الإعدادات!$B$6,الإعدادات!$B$7) -> 30 | F5: =COUNTIFS(الجلسات!$B$2:$B$77,B5,الجلسات!$E$2:$E$77,D5) -> 5 | G5: =SUMIFS(الجلسات!$I$2:$I$77,الجلسات!$B$2:$B$77,B5,الجلسات!$E$2:$E$77,D5) -> 4347 | H5: =COUNTIFS(الجلسات!$B$2:$B$77,B5,الجلسات!$E$2:$E$77,D5,الجلسات!$I$2:$I$77,">"&الإعدادات!$B$3) -> 1 | I5: =SUMIFS(الجلسات!$I$2:$I$77,الجلسات!$B$2:$B$77,B5,الجلسات!$E$2:$E$77,D5,الجلسات!$I$2:$I$77,"<="&الإعدادات!$B$3) -> 269 | J5: =I5/60 -> 4.4833333 | K5: =E5*الإعدادات!$B$2 -> 90 | L5: =J5/K5 -> 0.049814815 | M5: =J5/E5 -> 0.14944444 | N5: =M5-الإعدادات!$B$2 -> -2.8505556 | O5: =IF(L5>=الإعدادات!$B$4,"متميز 🌟",IF(L5>=الإعدادات!$B$5,"قريب من المستهدف 👍","تحت المستهدف / تحذير ⚠️")) -> تحت المستهدف / تحذير ⚠️ | P5: =IF(L5>=الإعدادات!$B$4,"أداء استثنائي وتألق ملحوظ! استمر في هذا المستوى الرائع للوصول للقمة! 🚀",IF(L5>=الإعدادات!$B$5,"بداية جيدة ومجهود مقدر، اضغط على نفسك قليلاً للوصول لـ 3 ساعات يومياً! 💪","تنبيه هام! مستواك الحالي أقل من المطلوب. يرجى الالتزام بجدول المذاكرة اليومي فوراً لتحقيق هدفك! ⚠️")) -> تنبيه هام! مستواك الحالي أقل من المطلوب. يرجى الالتزام بجدول المذاكرة اليومي فوراً لتحقيق هدفك! ⚠️
A6: Eman Mohamed Ziada | B6: DOS100044 | C6: A1 Berlin | D6: سبتمبر 2026 | E6: =IF(D6="سبتمبر 2026",الإعدادات!$B$6,الإعدادات!$B$7) -> 30 | F6: =COUNTIFS(الجلسات!$B$2:$B$77,B6,الجلسات!$E$2:$E$77,D6) -> 13 | G6: =SUMIFS(الجلسات!$I$2:$I$77,الجلسات!$B$2:$B$77,B6,الجلسات!$E$2:$E$77,D6) -> 1271 | H6: =COUNTIFS(الجلسات!$B$2:$B$77,B6,الجلسات!$E$2:$E$77,D6,الجلسات!$I$2:$I$77,">"&الإعدادات!$B$3) -> 1 | I6: =SUMIFS(الجلسات!$I$2:$I$77,الجلسات!$B$2:$B$77,B6,الجلسات!$E$2:$E$77,D6,الجلسات!$I$2:$I$77,"<="&الإعدادات!$B$3) -> 622 | J6: =I6/60 -> 10.366667 | K6: =E6*الإعدادات!$B$2 -> 90 | L6: =J6/K6 -> 0.11518519 | M6: =J6/E6 -> 0.34555556 | N6: =M6-الإعدادات!$B$2 -> -2.6544444 | O6: =IF(L6>=الإعدادات!$B$4,"متميز 🌟",IF(L6>=الإعدادات!$B$5,"قريب من المستهدف 👍","تحت المستهدف / تحذير ⚠️")) -> تحت المستهدف / تحذير ⚠️ | P6: =IF(L6>=الإعدادات!$B$4,"أداء استثنائي وتألق ملحوظ! استمر في هذا المستوى الرائع للوصول للقمة! 🚀",IF(L6>=الإعدادات!$B$5,"بداية جيدة ومجهود مقدر، اضغط على نفسك قليلاً للوصول لـ 3 ساعات يومياً! 💪","تنبيه هام! مستواك الحالي أقل من المطلوب. يرجى الالتزام بجدول المذاكرة اليومي فوراً لتحقيق هدفك! ⚠️")) -> تنبيه هام! مستواك الحالي أقل من المطلوب. يرجى الالتزام بجدول المذاكرة اليومي فوراً لتحقيق هدفك! ⚠️
A7: Janet yousef samwel | B7: DOS100062 | C7: A1 Berlin | D7: سبتمبر 2026 | E7: =IF(D7="سبتمبر 2026",الإعدادات!$B$6,الإعدادات!$B$7) -> 30 | F7: =COUNTIFS(الجلسات!$B$2:$B$77,B7,الجلسات!$E$2:$E$77,D7) -> 32 | G7: =SUMIFS(الجلسات!$I$2:$I$77,الجلسات!$B$2:$B$77,B7,الجلسات!$E$2:$E$77,D7) -> 2065 | H7: =COUNTIFS(الجلسات!$B$2:$B$77,B7,الجلسات!$E$2:$E$77,D7,الجلسات!$I$2:$I$77,">"&الإعدادات!$B$3) -> 2 | I7: =SUMIFS(الجلسات!$I$2:$I$77,الجلسات!$B$2:$B$77,B7,الجلسات!$E$2:$E$77,D7,الجلسات!$I$2:$I$77,"<="&الإعدادات!$B$3) -> 711 | J7: =I7/60 -> 11.85 | K7: =E7*الإعدادات!$B$2 -> 90 | L7: =J7/K7 -> 0.13166667 | M7: =J7/E7 -> 0.395 | N7: =M7-الإعدادات!$B$2 -> -2.605 | O7: =IF(L7>=الإعدادات!$B$4,"متميز 🌟",IF(L7>=الإعدادات!$B$5,"قريب من المستهدف 👍","تحت المستهدف / تحذير ⚠️")) -> تحت المستهدف / تحذير ⚠️ | P7: =IF(L7>=الإعدادات!$B$4,"أداء استثنائي وتألق ملحوظ! استمر في هذا المستوى الرائع للوصول للقمة! 🚀",IF(L7>=الإعدادات!$B$5,"بداية جيدة ومجهود مقدر، اضغط على نفسك قليلاً للوصول لـ 3 ساعات يومياً! 💪","تنبيه هام! مستواك الحالي أقل من المطلوب. يرجى الالتزام بجدول المذاكرة اليومي فوراً لتحقيق هدفك! ⚠️")) -> تنبيه هام! مستواك الحالي أقل من المطلوب. يرجى الالتزام بجدول المذاكرة اليومي فوراً لتحقيق هدفك! ⚠️
A8: Maha Samir Alshik | B8: DOS100052 | C8: A1 Berlin | D8: سبتمبر 2026 | E8: =IF(D8="سبتمبر 2026",الإعدادات!$B$6,الإعدادات!$B$7) -> 30 | F8: =COUNTIFS(الجلسات!$B$2:$B$77,B8,الجلسات!$E$2:$E$77,D8) -> 16 | G8: =SUMIFS(الجلسات!$I$2:$I$77,الجلسات!$B$2:$B$77,B8,الجلسات!$E$2:$E$77,D8) -> 3349 | H8: =COUNTIFS(الجلسات!$B$2:$B$77,B8,الجلسات!$E$2:$E$77,D8,الجلسات!$I$2:$I$77,">"&الإعدادات!$B$3) -> 1 | I8: =SUMIFS(الجلسات!$I$2:$I$77,الجلسات!$B$2:$B$77,B8,الجلسات!$E$2:$E$77,D8,الجلسات!$I$2:$I$77,"<="&الإعدادات!$B$3) -> 2255 | J8: =I8/60 -> 37.583333 | K8: =E8*الإعدادات!$B$2 -> 90 | L8: =J8/K8 -> 0.41759259 | M8: =J8/E8 -> 1.2527778 | N8: =M8-الإعدادات!$B$2 -> -1.7472222 | O8: =IF(L8>=الإعدادات!$B$4,"متميز 🌟",IF(L8>=الإعدادات!$B$5,"قريب من المستهدف 👍","تحت المستهدف / تحذير ⚠️")) -> تحت المستهدف / تحذير ⚠️ | P8: =IF(L8>=الإعدادات!$B$4,"أداء استثنائي وتألق ملحوظ! استمر في هذا المستوى الرائع للوصول للقمة! 🚀",IF(L8>=الإعدادات!$B$5,"بداية جيدة ومجهود مقدر، اضغط على نفسك قليلاً للوصول لـ 3 ساعات يومياً! 💪","تنبيه هام! مستواك الحالي أقل من المطلوب. يرجى الالتزام بجدول المذاكرة اليومي فوراً لتحقيق هدفك! ⚠️")) -> تنبيه هام! مستواك الحالي أقل من المطلوب. يرجى الالتزام بجدول المذاكرة اليومي فوراً لتحقيق هدفك! ⚠️
A9: Abdelrahman Reda Aboalia | B9: DOS100065 | C9: A1 Berlin | D9: أكتوبر 2026 | E9: =IF(D9="سبتمبر 2026",الإعدادات!$B$6,الإعدادات!$B$7) -> 3 | F9: =COUNTIFS(الجلسات!$B$2:$B$77,B9,الجلسات!$E$2:$E$77,D9) -> 1 | G9: =SUMIFS(الجلسات!$I$2:$I$77,الجلسات!$B$2:$B$77,B9,الجلسات!$E$2:$E$77,D9) -> 0 | H9: =COUNTIFS(الجلسات!$B$2:$B$77,B9,الجلسات!$E$2:$E$77,D9,الجلسات!$I$2:$I$77,">"&الإعدادات!$B$3) -> 0 | I9: =SUMIFS(الجلسات!$I$2:$I$77,الجلسات!$B$2:$B$77,B9,الجلسات!$E$2:$E$77,D9,الجلسات!$I$2:$I$77,"<="&الإعدادات!$B$3) -> 0 | J9: =I9/60 -> 0 | K9: =E9*الإعدادات!$B$2 -> 9 | L9: =J9/K9 -> 0 | M9: =J9/E9 -> 0 | N9: =M9-الإعدادات!$B$2 -> -3 | O9: =IF(L9>=الإعدادات!$B$4,"متميز 🌟",IF(L9>=الإعدادات!$B$5,"قريب من المستهدف 👍","تحت المستهدف / تحذير ⚠️")) -> تحت المستهدف / تحذير ⚠️ | P9: =IF(L9>=الإعدادات!$B$4,"أداء استثنائي وتألق ملحوظ! استمر في هذا المستوى الرائع للوصول للقمة! 🚀",IF(L9>=الإعدادات!$B$5,"بداية جيدة ومجهود مقدر، اضغط على نفسك قليلاً للوصول لـ 3 ساعات يومياً! 💪","تنبيه هام! مستواك الحالي أقل من المطلوب. يرجى الالتزام بجدول المذاكرة اليومي فوراً لتحقيق هدفك! ⚠️")) -> تنبيه هام! مستواك الحالي أقل من المطلوب. يرجى الالتزام بجدول المذاكرة اليومي فوراً لتحقيق هدفك! ⚠️
A10: Eman Mohamed Ziada | B10: DOS100044 | C10: A1 Berlin | D10: أكتوبر 2026 | E10: =IF(D10="سبتمبر 2026",الإعدادات!$B$6,الإعدادات!$B$7) -> 3 | F10: =COUNTIFS(الجلسات!$B$2:$B$77,B10,الجلسات!$E$2:$E$77,D10) -> 4 | G10: =SUMIFS(الجلسات!$I$2:$I$77,الجلسات!$B$2:$B$77,B10,الجلسات!$E$2:$E$77,D10) -> 439 | H10: =COUNTIFS(الجلسات!$B$2:$B$77,B10,الجلسات!$E$2:$E$77,D10,الجلسات!$I$2:$I$77,">"&الإعدادات!$B$3) -> 0 | I10: =SUMIFS(الجلسات!$I$2:$I$77,الجلسات!$B$2:$B$77,B10,الجلسات!$E$2:$E$77,D10,الجلسات!$I$2:$I$77,"<="&الإعدادات!$B$3) -> 439 | J10: =I10/60 -> 7.3166667 | K10: =E10*الإعدادات!$B$2 -> 9 | L10: =J10/K10 -> 0.81296296 | M10: =J10/E10 -> 2.4388889 | N10: =M10-الإعدادات!$B$2 -> -0.56111111 | O10: =IF(L10>=الإعدادات!$B$4,"متميز 🌟",IF(L10>=الإعدادات!$B$5,"قريب من المستهدف 👍","تحت المستهدف / تحذير ⚠️")) -> قريب من المستهدف 👍 | P10: =IF(L10>=الإعدادات!$B$4,"أداء استثنائي وتألق ملحوظ! استمر في هذا المستوى الرائع للوصول للقمة! 🚀",IF(L10>=الإعدادات!$B$5,"بداية جيدة ومجهود مقدر، اضغط على نفسك قليلاً للوصول لـ 3 ساعات يومياً! 💪","تنبيه هام! مستواك الحالي أقل من المطلوب. يرجى الالتزام بجدول المذاكرة اليومي فوراً لتحقيق هدفك! ⚠️")) -> بداية جيدة ومجهود مقدر، اضغط على نفسك قليلاً للوصول لـ 3 ساعات يومياً! 💪
A11: Janet yousef samwel | B11: DOS100062 | C11: A1 Berlin | D11: أكتوبر 2026 | E11: =IF(D11="سبتمبر 2026",الإعدادات!$B$6,الإعدادات!$B$7) -> 3 | F11: =COUNTIFS(الجلسات!$B$2:$B$77,B11,الجلسات!$E$2:$E$77,D11) -> 3 | G11: =SUMIFS(الجلسات!$I$2:$I$77,الجلسات!$B$2:$B$77,B11,الجلسات!$E$2:$E$77,D11) -> 465 | H11: =COUNTIFS(الجلسات!$B$2:$B$77,B11,الجلسات!$E$2:$E$77,D11,الجلسات!$I$2:$I$77,">"&الإعدادات!$B$3) -> 0 | I11: =SUMIFS(الجلسات!$I$2:$I$77,الجلسات!$B$2:$B$77,B11,الجلسات!$E$2:$E$77,D11,الجلسات!$I$2:$I$77,"<="&الإعدادات!$B$3) -> 465 | J11: =I11/60 -> 7.75 | K11: =E11*الإعدادات!$B$2 -> 9 | L11: =J11/K11 -> 0.86111111 | M11: =J11/E11 -> 2.5833333 | N11: =M11-الإعدادات!$B$2 -> -0.41666667 | O11: =IF(L11>=الإعدادات!$B$4,"متميز 🌟",IF(L11>=الإعدادات!$B$5,"قريب من المستهدف 👍","تحت المستهدف / تحذير ⚠️")) -> قريب من المستهدف 👍 | P11: =IF(L11>=الإعدادات!$B$4,"أداء استثنائي وتألق ملحوظ! استمر في هذا المستوى الرائع للوصول للقمة! 🚀",IF(L11>=الإعدادات!$B$5,"بداية جيدة ومجهود مقدر، اضغط على نفسك قليلاً للوصول لـ 3 ساعات يومياً! 💪","تنبيه هام! مستواك الحالي أقل من المطلوب. يرجى الالتزام بجدول المذاكرة اليومي فوراً لتحقيق هدفك! ⚠️")) -> بداية جيدة ومجهود مقدر، اضغط على نفسك قليلاً للوصول لـ 3 ساعات يومياً! 💪
A12: Maha Samir Alshik | B12: DOS100052 | C12: A1 Berlin | D12: أكتوبر 2026 | E12: =IF(D12="سبتمبر 2026",الإعدادات!$B$6,الإعدادات!$B$7) -> 3 | F12: =COUNTIFS(الجلسات!$B$2:$B$77,B12,الجلسات!$E$2:$E$77,D12) -> 2 | G12: =SUMIFS(الجلسات!$I$2:$I$77,الجلسات!$B$2:$B$77,B12,الجلسات!$E$2:$E$77,D12) -> 343 | H12: =COUNTIFS(الجلسات!$B$2:$B$77,B12,الجلسات!$E$2:$E$77,D12,الجلسات!$I$2:$I$77,">"&الإعدادات!$B$3) -> 0 | I12: =SUMIFS(الجلسات!$I$2:$I$77,الجلسات!$B$2:$B$77,B12,الجلسات!$E$2:$E$77,D12,الجلسات!$I$2:$I$77,"<="&الإعدادات!$B$3) -> 343 | J12: =I12/60 -> 5.7166667 | K12: =E12*الإعدادات!$B$2 -> 9 | L12: =J12/K12 -> 0.63518519 | M12: =J12/E12 -> 1.9055556 | N12: =M12-الإعدادات!$B$2 -> -1.0944444 | O12: =IF(L12>=الإعدادات!$B$4,"متميز 🌟",IF(L12>=الإعدادات!$B$5,"قريب من المستهدف 👍","تحت المستهدف / تحذير ⚠️")) -> قريب من المستهدف 👍 | P12: =IF(L12>=الإعدادات!$B$4,"أداء استثنائي وتألق ملحوظ! استمر في هذا المستوى الرائع للوصول للقمة! 🚀",IF(L12>=الإعدادات!$B$5,"بداية جيدة ومجهود مقدر، اضغط على نفسك قليلاً للوصول لـ 3 ساعات يومياً! 💪","تنبيه هام! مستواك الحالي أقل من المطلوب. يرجى الالتزام بجدول المذاكرة اليومي فوراً لتحقيق هدفك! ⚠️")) -> بداية جيدة ومجهود مقدر، اضغط على نفسك قليلاً للوصول لـ 3 ساعات يومياً! 💪
A14: ملاحظات:
A15: أكتوبر 2026 يغطي 3 أيام فقط (حتى 3 أكتوبر)، لذلك هدفه 9 ساعات بالتناسب.
A16: «جلسات مستبعدة» = جلسات أطول من الحد المحدد في ورقة الإعدادات؛ غالباً لم يُغلقها الطالب (مثلاً جلسة استمرت 4078 دقيقة ≈ 68 ساعة). راجع ورقة «الجلسات» لتفاصيلها.
A17: الأوقات في ورقة الجلسات بتوقيت UTC.
A18: للتواصل: info@dos-eg.com | +20 155 300 2897 | +20 101 479 0783 | +20 102 881 8465 | +20 111 946 0901

Sheet الإعدادات
A1: الإعداد | B1: القيمة | C1: ملاحظة
A2: الهدف اليومي (ساعات) | B2: 3 | C2: من معايير المهارة: 3 ساعات يومياً = 90 ساعة شهرياً
A3: حد الجلسة الشاذة (دقائق) | B3: 480 | C3: الجلسات الأطول من هذا الحد تُستبعد من الحساب (غالباً جلسة لم تُغلق). غيّر القيمة لتتحدث كل النتائج. ضع 99999 لاحتساب كل الجلسات
A4: حد التميز (نسبة) | B4: 0.9 | C4: ≥ 90% = متميز
A5: حد القريب من المستهدف (نسبة) | B5: 0.5 | C5: من 50% إلى أقل من 90% = قريب من المستهدف، وأقل من 50% = تحذير
A6: أيام سبتمبر 2026 | B6: 30 | C6: شهر كامل
A7: أيام أكتوبر 2026 | B7: 3 | C7: حتى 3 أكتوبر 2026 فقط (تاريخ آخر بيانات في الملف) — الهدف محسوب بالتناسب
A9: الخلايا الصفراء (بالأزرق) هي الوحيدة التي تُعدَّل. مصدر البيانات: ملف student-study-report-all-levels-A1_Berlin-all-months.csv — الأوقات بتوقيت UTC.

Sheet الجلسات
A1: Student | B1: Code | C1: Group | D1: Level | E1: Month | F1: Start (UTC) | G1: Ende (UTC) | H1: Status | I1: Lernminuten | J1: Pause (Minuten) | K1: حالة الجلسة
A2: Abdelrahman Reda Aboalia | B2: DOS100065 | C2: A1 Berlin | D2: A1 | E2: أكتوبر 2026 | F2: 46298.498 | G2: 46298.498 | H2: finished | I2: 0 | J2: 0 | K2: =IF(I2>الإعدادات!$B$3,"شاذة","سليمة") -> سليمة
A3: Janet yousef samwel | B3: DOS100062 | C3: A1 Berlin | D3: A1 | E3: أكتوبر 2026 | F3: 46298.194 | G3: 46298.495 | H3: finished | I3: 433 | J3: 0 | K3: =IF(I3>الإعدادات!$B$3,"شاذة","سليمة") -> سليمة
A4: Eman Mohamed Ziada | B4: DOS100044 | C4: A1 Berlin | D4: A1 | E4: أكتوبر 2026 | F4: 46297.77 | G4: 46297.809 | H4: finished | I4: 55 | J4: 0 | K4: =IF(I4>الإعدادات!$B$3,"شاذة","سليمة") -> سليمة
A5: Maha Samir Alshik | B5: DOS100052 | C5: A1 Berlin | D5: A1 | E5: أكتوبر 2026 | F5: 46297.746 | G5: 46297.841 | H5: finished | I5: 136 | J5: 0 | K5: =IF(I5>الإعدادات!$B$3,"شاذة","سليمة") -> سليمة
A6: Eman Mohamed Ziada | B6: DOS100044 | C6: A1 Berlin | D6: A1 | E6: أكتوبر 2026 | F6: 46297.702 | G6: 46297.742 | H6: finished | I6: 57 | J6: 0 | K6: =IF(I6>الإعدادات!$B$3,"شاذة","سليمة") -> سليمة
A7: Eman Mohamed Ziada | B7: DOS100044 | C7: A1 Berlin | D7: A1 | E7: أكتوبر 2026 | F7: 46297.461 | G7: 46297.515 | H7: finished | I7: 77 | J7: 0 | K7: =IF(I7>الإعدادات!$B$3,"شاذة","سليمة") -> سليمة
A8: Janet yousef samwel | B8: DOS100062 | C8: A1 Berlin | D8: A1 | E8: أكتوبر 2026 | F8: 46297.345 | G8: 46297.365 | H8: finished | I8: 9 | J8: 20 | K8: =IF(I8>الإعدادات!$B$3,"شاذة","سليمة") -> سليمة
A9: Eman Mohamed Ziada | B9: DOS100044 | C9: A1 Berlin | D9: A1 | E9: أكتوبر 2026 | F9: 46296.616 | G9: 46296.79 | H9: finished | I9: 250 | J9: 0 | K9: =IF(I9>الإعدادات!$B$3,"شاذة","سليمة") -> سليمة
A10: Maha Samir Alshik | B10: DOS100052 | C10: A1 Berlin | D10: A1 | E10: أكتوبر 2026 | F10: 46296.412 | G10: 46296.57 | H10: finished | I10: 207 | J10: 20 | K10: =IF(I10>الإعدادات!$B$3,"شاذة","سليمة") -> سليمة
A11: Janet yousef samwel | B11: DOS100062 | C11: A1 Berlin | D11: A1 | E11: أكتوبر 2026 | F11: 46296.185 | G11: 46296.201 | H11: finished | I11: 23 | J11: 0 | K11: =IF(I11>الإعدادات!$B$3,"شاذة","سليمة") -> سليمة
A12: Janet yousef samwel | B12: DOS100062 | C12: A1 Berlin | D12: A1 | E12: سبتمبر 2026 | F12: 46295.919 | G12: 46295.923 | H12: finished | I12: 0 | J12: 20 | K12: =IF(I12>الإعدادات!$B$3,"شاذة","سليمة") -> سليمة
A13: Maha Samir Alshik | B13: DOS100052 | C13: A1 Berlin | D13: A1 | E13: سبتمبر 2026 | F13: 46295.817 | G13: 46295.943 | H13: finished | I13: 181 | J13: 0 | K13: =IF(I13>الإعدادات!$B$3,"شاذة","سليمة") -> سليمة
... A77: Eman Mohamed Ziada | B77: DOS100044 | C77: A1 Berlin | D77: A1 | E77: سبتمبر 2026 | F77: 46278.871 | G77: 46278.871 | H77: finished | I77: 0 | J77: 0 | K77: =IF(I77>الإعدادات!$B$3,"شاذة","سليمة") -> سليمة
